{"learner":{"attributes":{"scikit_learn":"{\"_estimator_type\": \"classifier\"}"},"feature_names":["Machine","DebugSize","DebugRVA","MajorImageVersion","MajorOSVersion","ExportRVA","ExportSize","IatVRA","MajorLinkerVersion","MinorLinkerVersion","NumberOfSections","SizeOfStackReserve","DllCharacteristics","ResourceSize","BitcoinAddresses"],"feature_types":["float","float","float","float","float","float","float","float","float","float","float","float","float","float","float"],"gradient_booster":{"model":{"gbtree_model_param":{"num_parallel_tree":"1","num_trees":"10"},"iteration_indptr":[0,1,2,3,4,5,6,7,8,9,10],"tree_info":[0,0,0,0,0,0,0,0,0,0],"trees":[{"base_weights":[7.2081894E-1,8.400462E-1,-1.0540446E0,-4.1462818E-1,8.861823E-1,-7.770559E-1,1.2193979E-1,-2.8973094E-1,5.2205224E-2,5.0035745E-1,9.621197E-2],"categories":[],"categories_nodes":[],"categories_segments":[],"categories_sizes":[],"default_left":[0,0,0,0,0,0,0,0,0,0,0],"id":0,"left_children":[1,3,5,7,9,-1,-1,-1,-1,-1,-1],"loss_changes":[5.5549545E1,1.5965698E1,1.5684114E1,1.8321846E0,1.4601212E1,0E0,0E0,0E0,0E0,0E0,0E0],"parents":[2147483647,0,0,1,1,2,2,3,3,4,4],"right_children":[2,4,6,8,10,-1,-1,-1,-1,-1,-1],"split_conditions":[5.454056E0,2.9361693E-19,1.4025806E4,4.038521E0,2.658081E-1,-7.770559E-1,1.2193979E-1,-2.8973094E-1,5.2205224E-2,5.0035745E-1,9.621197E-2],"split_indices":[4,3,7,4,1,0,0,0,0,0,0],"split_type":[0,0,0,0,0,0,0,0,0,0,0],"sum_hessian":[2.106634E2,2.0233821E2,8.325186E0,4.3435755E0,1.9799464E2,4.584885E0,3.740301E0,2.4130974E0,1.9304779E0,1.6614175E2,3.1852886E1],"tree_param":{"num_deleted":"0","num_feature":"15","num_nodes":"11","size_leaf_vector":"1"}},{"base_weights":[5.829547E-1,1.2342248E-1,4.910659E-1,3.715849E-1,-6.374834E-1,-1.4225167E-1,2.730622E-1,-4.9253774E-1,1.427977E-1],"categories":[],"categories_nodes":[],"categories_segments":[],"categories_sizes":[],"default_left":[0,0,0,0,0,0,0,0,0],"id":1,"left_children":[1,3,-1,5,7,-1,-1,-1,-1],"loss_changes":[2.8315907E1,1.865841E1,0E0,9.726397E0,1.0802055E1,0E0,0E0,0E0,0E0],"parents":[2147483647,0,0,1,1,3,3,4,4],"right_children":[2,4,-1,6,8,-1,-1,-1,-1],"split_conditions":[2.6757087E-34,1.0532528E6,4.910659E-1,1.0504086E6,2.032188E2,-1.4225167E-1,2.730622E-1,-4.9253774E-1,1.427977E-1],"split_indices":[12,11,0,11,13,0,0,0,0],"split_type":[0,0,0,0,0,0,0,0,0],"sum_hessian":[1.5097324E2,7.6266846E1,7.47064E1,6.136859E1,1.4898253E1,1.1571496E1,4.9797096E1,1.033493E1,4.5633235E0],"tree_param":{"num_deleted":"0","num_feature":"15","num_nodes":"9","size_leaf_vector":"1"}},{"base_weights":[4.271372E-1,-1.4929296E0,9.95394E-1,2.2019582E-2,5.0100493E-1],"categories":[],"categories_nodes":[],"categories_segments":[],"categories_sizes":[],"default_left":[0,0,0,0,0],"id":2,"left_children":[1,-1,3,-1,-1],"loss_changes":[2.842424E2,0E0,3.1402588E-1,0E0,0E0],"parents":[2147483647,0,0,2,2],"right_children":[2,-1,4,-1,-1],"split_conditions":[1.1427168E-28,-1.4929296E0,1.7757783E-28,2.2019582E-2,5.0100493E-1],"split_indices":[14,0,14,0,0],"split_type":[0,0,0,0,0],"sum_hessian":[1.21233215E2,1.1231533E1,1.10001686E2,1.2884634E0,1.0871322E2],"tree_param":{"num_deleted":"0","num_feature":"15","num_nodes":"5","size_leaf_vector":"1"}},{"base_weights":[3.3642086E-1,-7.747518E-1,4.69025E-1],"categories":[],"categories_nodes":[],"categories_segments":[],"categories_sizes":[],"default_left":[0,0,0],"id":3,"left_children":[1,-1,-1],"loss_changes":[1.3167412E2,0E0,0E0],"parents":[2147483647,0,0],"right_children":[2,-1,-1],"split_conditions":[1.7757783E-28,-7.747518E-1,4.69025E-1],"split_indices":[14,0,0],"split_type":[0,0,0],"sum_hessian":[9.3240105E1,1.8740185E1,7.4499916E1],"tree_param":{"num_deleted":"0","num_feature":"15","num_nodes":"3","size_leaf_vector":"1"}},{"base_weights":[2.3463733E-1,4.0741697E-1,-1.2476256E-1,-8.9935E-2,4.7355846E-1,1.3809444E-1,-3.075588E-1,-4.0731158E-2,2.508273E-1,1.39461E-1,-4.408676E-2,-2.0315877E-1,4.6290744E-2],"categories":[],"categories_nodes":[],"categories_segments":[],"categories_sizes":[],"default_left":[0,0,0,0,0,0,0,0,0,0,0,0,0],"id":4,"left_children":[1,3,5,-1,7,9,11,-1,-1,-1,-1,-1,-1],"loss_changes":[5.19704E0,2.923603E0,1.970464E0,0E0,1.1991272E0,8.863099E-1,1.2484536E0,0E0,0E0,0E0,0E0,0E0,0E0],"parents":[2147483647,0,0,1,1,2,2,4,4,5,5,6,6],"right_children":[2,4,6,-1,8,10,12,-1,-1,-1,-1,-1,-1],"split_conditions":[4.1676697E-1,1.8967892E0,3.3129535E2,-8.9935E-2,2.5421231E-13,5.0067997E0,2.7861537E4,-4.0731158E-2,2.508273E-1,1.39461E-1,-4.408676E-2,-2.0315877E-1,4.6290744E-2],"split_indices":[6,8,0,0,11,4,5,0,0,0,0,0,0],"split_type":[0,0,0,0,0,0,0,0,0,0,0,0,0],"sum_hessian":[6.5506676E1,4.3336735E1,2.2169943E1,2.6461523E0,4.0690582E1,1.009664E1,1.2073303E1,1.0453978E0,3.9645184E1,4.788961E0,5.307679E0,9.559535E0,2.5137684E0],"tree_param":{"num_deleted":"0","num_feature":"15","num_nodes":"13","size_leaf_vector":"1"}},{"base_weights":[2.6364076E-1,-5.213641E-1,8.1732523E-1,1.503122E-2,4.1413033E-1],"categories":[],"categories_nodes":[],"categories_segments":[],"categories_sizes":[],"default_left":[0,0,0,0,0],"id":5,"left_children":[1,-1,3,-1,-1],"loss_changes":[5.52696E1,0E0,1.9003677E-1,0E0,0E0],"parents":[2147483647,0,0,2,2],"right_children":[2,-1,4,-1,-1],"split_conditions":[1.340842E-28,-5.213641E-1,2.6154656E-28,1.503122E-2,4.1413033E-1],"split_indices":[14,0,14,0,0],"split_type":[0,0,0,0,0],"sum_hessian":[5.4628887E1,1.363226E1,4.0996628E1,1.0752876E0,3.992134E1],"tree_param":{"num_deleted":"0","num_feature":"15","num_nodes":"5","size_leaf_vector":"1"}},{"base_weights":[2.1087997E-1,-4.2067623E-1,3.864073E-1],"categories":[],"categories_nodes":[],"categories_segments":[],"categories_sizes":[],"default_left":[0,0,0],"id":6,"left_children":[1,-1,-1],"loss_changes":[3.932287E1,0E0,0E0],"parents":[2147483647,0,0],"right_children":[2,-1,-1],"split_conditions":[1.1427168E-28,-4.2067623E-1,3.864073E-1],"split_indices":[14,0,0],"split_type":[0,0,0],"sum_hessian":[4.550746E1,1.4111326E1,3.1396133E1],"tree_param":{"num_deleted":"0","num_feature":"15","num_nodes":"3","size_leaf_vector":"1"}},{"base_weights":[4.2103145E-2,-3.8778856E-1,2.889348E-1,-4.530235E-1,3.0802406E-2,2.7450658E-2,1.9167788E-1,-2.381229E-1,-9.22579E-3,2.1858169E-2,-5.0673005E-3,-6.8906076E-2,1.0943791E-1],"categories":[],"categories_nodes":[],"categories_segments":[],"categories_sizes":[],"default_left":[0,0,0,0,0,0,0,0,0,0,0,0,0],"id":7,"left_children":[1,3,5,7,9,11,-1,-1,-1,-1,-1,-1,-1],"loss_changes":[5.6321855E0,6.79621E-1,7.031226E-1,9.12354E-2,1.0790271E-2,9.171801E-1,0E0,0E0,0E0,0E0,0E0,0E0,0E0],"parents":[2147483647,0,0,1,1,2,2,3,3,4,4,5,5],"right_children":[2,4,6,8,10,12,-1,-1,-1,-1,-1,-1,-1],"split_conditions":[2.2370668E-20,5.7852236E3,3.5070974E-4,1.778378E0,2.3705049E-28,8.986793E4,1.9167788E-1,-2.381229E-1,-9.22579E-3,2.1858169E-2,-5.0673005E-3,-6.8906076E-2,1.0943791E-1],"split_indices":[9,7,3,3,9,7,0,0,0,0,0,0,0],"split_type":[0,0,0,0,0,0,0,0,0,0,0,0,0],"sum_hessian":[3.2519005E1,9.778221E0,2.2740786E1,7.748138E0,2.0300832E0,9.457361E0,1.3283423E1,6.444783E0,1.3033549E0,1.0271355E0,1.0029477E0,6.5785985E0,2.8787627E0],"tree_param":{"num_deleted":"0","num_feature":"15","num_nodes":"13","size_leaf_vector":"1"}},{"base_weights":[1.30826E-1,-3.2775944E-1,3.181683E-1],"categories":[],"categories_nodes":[],"categories_segments":[],"categories_sizes":[],"default_left":[0,0,0],"id":8,"left_children":[1,-1,-1],"loss_changes":[1.9509357E1,0E0,0E0],"parents":[2147483647,0,0],"right_children":[2,-1,-1],"split_conditions":[1.1427168E-28,-3.2775944E-1,3.181683E-1],"split_indices":[14,0,0],"split_type":[0,0,0],"sum_hessian":[2.858574E1,1.0024582E1,1.8561155E1],"tree_param":{"num_deleted":"0","num_feature":"15","num_nodes":"3","size_leaf_vector":"1"}},{"base_weights":[1.2675941E-1,-5.2453864E-1,2.9476652E-1,-2.8968444E-1,1.9925462E-2],"categories":[],"categories_nodes":[],"categories_segments":[],"categories_sizes":[],"default_left":[0,0,0,0,0],"id":9,"left_children":[1,3,-1,-1,-1],"loss_changes":[1.2980482E1,8.1635714E-1,0E0,0E0,0E0],